std_dev_generations,std_dev_eval_count
2021.1620104320664,202116.20104320665
1429.5366100734286,142953.66100734286
378.3931073343712,37839.31073343712
2259.3953521841336,338909.30282762
385.84550538134886,57876.82580720233
555.692452979929,83353.86794698935
2231.488294915487,446297.6589830974
268.1380348759318,53627.60697518637
438.4654850831424,87693.09701662848
